date,price
20260827,16660
20260826,16895
20260825,16780
20260824,16940
20260821,16860
20260820,16660
20260819,16690
20260818,16740
20260817,16670
20260814,16575
20260813,16690
20260812,16725
20260811,16640
20260810,16775
20260807,16745
20260806,16595
20260805,16915
20260804,17125
20260803,16785
20260731,17100
20260730,16945
20260729,17000
20260728,16860
20260727,17165
20260724,17205
20260723,17200
20260722,16940
20260721,16970
20260720,16850
20260717,16725
20260716,17150
20260715,16505
20260714,16590
20260713,16405
20260710,16410
20260709,16355
20260708,16160
20260707,16160
20260706,16065
20260703,16115
20260702,16070
20260701,16175
20260630,16275
20260629,16455
20260626,16570
20260625,16660
20260624,16610
20260623,17105
20260622,17640
20260619,17590
20260618,17770
20260617,17820
20260616,17630
20260615,17810
20260612,17630
20260611,17440
20260610,17380
20260609,17930
20260608,18340
20260605,18545
20260604,18375
20260603,18810
20260602,19170
20260601,19050
20260529,18875
20260528,18735
20260527,18755
20260526,18560
20260522,18550
20260521,18540
20260520,18600
20260519,18800
20260518,18235
20260515,18390
20260514,18915
20260513,19020
20260512,18725
20260511,18955
20260508,18890
20260507,18825
20260506,19450
20260505,19295
20260501,19180
20260430,19325
20260429,19270
20260428,19050
20260427,19275
20260424,18625
20260423,18425
20260422,18180
20260421,18120
20260420,17980
20260417,18380
20260416,18070
20260415,18075
20260414,17750
20260413,17490
20260410,17070
20260409,17025
20260408,17200
20260407,16840
20260402,16900
20260401,17065
20260331,16860
20260330,17040
20260327,17010
20260326,17020
20260325,17320
20260324,16830
20260323,16900
20260320,16770
20260319,16290
20260318,16990
20260317,17200
20260316,17120
20260313,17340
20260312,17500
20260311,17220
20260310,17310
20260309,17290
20260306,17200
20260305,17110
20260304,17395
20260303,17000
20260302,17335
20260227,17685
20260226,17480
20260225,17750
20260224,17585
20260223,17355
20260220,17155
20260219,16940
20260218,16840
20260217,16665
20260216,16760
20260213,16810
20260212,17465
20260211,17720
20260210,16980
20260209,17050
20260206,16800
20260205,16680
20260204,17220
20260203,17175
20260202,16540
20260130,17540
20260129,18750
20260128,18200
20260127,18335
20260126,18525
20260123,18630
20260122,17690
20260121,17860
20260120,17730
20260119,18000
20260116,17625
20260115,17905
20260114,18000
20260113,17620
20260112,17930
20260109,17675
20260108,16920
20260107,18450
20260106,17830
20260105,16745
20260102,16765
20251231,16485
20251230,16475
20251229,15850
20251224,15435
20251223,15465
20251222,14885
20251219,14565
20251218,14335
20251217,14275
20251216,14125
20251215,14225
20251212,14420
20251211,14450
20251210,14550
20251209,14665
20251208,14705
20251205,14720
20251204,14725
20251203,14680
20251202,14725
20251201,14695
20251128,14660
20251127,14605
20251126,14610
20251125,14650
20251124,14440
20251121,14280
20251120,14370
20251119,14460
20251118,14450
20251117,14580
20251114,14670
20251113,14855
20251112,14845
20251111,14850
20251110,14920
20251107,14870
20251106,14920
20251105,14840
20251104,14940
20251103,14970
20251031,15055
20251030,15025
20251029,15130
20251028,15035
20251027,15155
20251024,15085
20251023,15110
20251022,14935
20251021,14985
20251020,14925
20251017,14930
20251016,14975
20251015,15050
20251014,14910
20251013,15040
20251010,15175
20251009,15325
20251008,15190
20251007,15310
20251006,15185
20251003,15230
20251002,15110
20251001,14965
20250930,15075
20250929,15065
20250926,15035
20250925,15285
20250924,15100
20250923,15100
20250922,15020
20250919,15135
20250918,15100
20250917,15075
20250916,15235
20250915,15285
20250912,15175
20250911,14900
20250910,14940
20250909,14970
20250908,15095
20250905,15110
20250904,15070
20250903,15110
20250902,15100
20250901,15265
20250829,15190
20250828,15015
20250827,14925
20250826,14975
20250822,14745
20250821,14770
20250820,14780
20250819,14885
20250818,14900
20250815,14910
20250814,14880
20250813,15135
20250812,14985
20250811,15045
20250808,14885
20250807,14980
20250806,14940
20250805,14755
20250804,14880
20250801,14600
20250731,14800
20250730,14890
20250729,14950
20250728,15050
20250725,15245
20250724,15330
20250723,15330
20250722,15280
20250721,15275
20250718,14900
20250717,14800
20250716,14800
20250715,14840
20250714,14885
20250711,14955
20250710,15100
20250709,14825
20250708,14940
20250707,14920
20250704,15120
20250703,15250
20250702,15085
20250701,14965
20250630,15020
20250627,15030
20250626,14960
20250625,14805
20250624,14745
20250623,14605
20250620,14770
20250619,14850
20250618,14785
20250617,14820
20250616,15000
20250613,14970
20250612,14940
20250611,15030
20250610,15070
20250609,15240
20250606,15225
20250605,15285
20250604,15280
20250603,15200
20250602,15145
20250530,15150
20250529,15105
20250528,14965
20250527,15275
20250523,15205
20250522,15250
20250521,15330
20250520,15350
20250519,15310
20250516,15435
20250515,15475
20250514,15725
20250513,15475
20250512,15485
20250509,15460
20250508,15375
20250507,15355
20250506,15440
20250502,15325
20250501,15005
20250430,15375
20250429,15380
20250428,15450
20250425,15530
20250424,15625
20250423,15550
20250422,15525
20250417,15425
20250416,15400
20250415,15360
20250414,15175
20250411,15015
20250410,14590
20250409,13815
20250408,14270
20250407,14360
20250404,15050
20250403,15650
20250402,15795
20250401,15850
20250331,15715
20250328,16160
20250327,16040
20250326,15975
20250325,15785
20250324,15895
20250321,15915
20250320,16010
20250319,16350
20250318,16060
20250317,16310
20250314,16450
20250313,16230
20250312,16460
20250311,16295
20250310,16420
20250307,16050
20250306,15990
20250305,15675
20250304,15760
20250303,15600
20250228,15460
20250227,15645
20250226,15450
20250225,15150
20250224,15335
20250221,15300
20250220,15405
20250219,15130
20250218,15135
20250217,15175
20250214,15360
20250213,15100
20250212,15200
20250211,15175
20250210,15400
20250207,15575
20250206,15525
20250205,15180
20250204,14895
20250203,14900
20250131,15040
20250130,15195
20250129,15230
20250128,15240
20250127,15505
20250124,15470
20250123,15510
20250122,15580
20250121,15850
20250120,15680
20250117,15840
20250116,15665
20250115,15630
20250114,15600
20250113,15560
20250110,15400
20250109,15185
20250108,15180
20250107,15120
20250106,15070
20250103,14770
20250102,15010
20241231,15100
20241230,15330
20241227,15085
20241224,15260
20241223,15200
20241220,14965
20241219,14965
20241218,15320
20241217,15380
20241216,15590
20241213,15810
20241212,15980
20241211,15580
20241210,15535
20241209,15710
20241206,15800
20241205,15775
20241204,15760
20241203,15720
20241202,15545
20241129,15745
20241128,15805
20241127,15675
20241126,15895
20241125,15810
20241122,15610
20241121,15705
20241120,15805
20241119,15630
20241118,15290
20241115,15500
20241114,15335
20241113,15555
20241112,15780
20241111,15910
20241108,16105
20241107,16260
20241106,15615
20241105,15965
20241104,15710
20241101,15840
20241031,15530
20241030,15725
20241029,15705
20241028,15810
20241025,15920
20241024,16035
20241023,15860
20241022,16310
20241021,16715
20241018,16780
20241017,16630
20241016,17070
20241015,17175
20241014,17335
20241011,17615
20241010,17150
20241009,17275
20241008,17420
20241007,17875
20241004,17600
20241003,17920
20241002,17730
20241001,17320
20240930,17005
20240927,16655
20240926,16555
20240925,16450
20240924,16430
20240923,16350
20240920,16175
20240919,16110
20240918,15975
20240917,15955
20240916,15950
20240913,15665
20240912,15875
20240911,15700
20240910,15610
20240909,15655
20240906,15830
20240905,15770
20240904,16030
20240903,16285
20240902,16445
20240830,16820
20240829,16735
20240828,16630
20240827,16835
20240823,16410
20240822,16330
20240821,16640
20240820,16600
20240819,16285
20240816,15905
20240815,16180
20240814,16035
20240813,15970
20240812,15930
20240809,16085
20240808,16000
20240807,16075
20240806,16095
20240805,15660
20240802,16155
20240801,15870
20240731,16255
20240730,15700
20240729,15585
20240726,15550
20240725,15470
20240724,15650
20240723,15765
20240722,15850
20240719,16105
20240718,16205
20240717,16370
20240716,16435
20240715,16420
20240712,16625
20240711,16630
20240710,16750
20240709,16980
20240708,17130
20240705,17175
20240704,16950
20240703,17110
20240702,17185
20240701,17220
20240628,16960
20240627,16835
20240626,16910
20240625,16855
20240624,16955
20240621,16935
20240620,17140
20240619,17025
20240618,16990
20240617,17080
20240614,17275
20240613,17550
20240612,17525
20240611,17650
20240610,17835
20240607,17950
20240606,18130
20240605,18340
20240604,18900
20240603,19325
20240531,19830
20240530,19770
20240529,20255
20240528,20065
20240524,19955
20240523,19800
20240522,20330
20240521,21275
20240520,21270
20240517,20735
20240516,19335
20240515,19050
20240514,18940
20240513,18910
20240510,18725
20240509,18625
20240508,18510
20240507,18755
20240503,18760
20240502,18405
20240501,18620
20240430,18975
20240429,19115
20240426,19180
20240425,18855
20240424,18985
20240423,18785
20240422,19015
20240419,19045
20240418,18210
20240417,17870
20240416,17625
20240415,17855
20240412,17780
20240411,17715
20240410,18585
20240409,17780
20240408,17700
20240405,17475
20240404,17230
20240403,16870
20240402,17000
20240328,16530
20240327,16330
20240326,16565
20240325,16865
20240322,17160
20240321,17430
20240320,17300
20240319,17500
20240318,17680
20240315,18000
20240314,17755
20240313,18165
20240312,18135
20240311,17910
20240308,17845
20240307,17660
20240306,17475
20240305,17600
20240304,17575
20240301,17175
20240229,17435
20240228,17140
20240227,17075
20240226,16985
20240223,17180
20240222,16985
20240221,16505
20240220,16135
20240219,16175
20240216,16090
20240215,16240
20240214,16115
20240213,15950
20240212,15755
20240209,15725
20240208,15755
20240207,15680
20240206,15620
20240205,15805
20240202,16125
20240201,15985
20240131,16070
20240130,16150
20240129,16285
20240126,16535
20240125,16360
20240124,16240
20240123,16010
20240122,15785
20240119,15935
20240118,15870
20240117,15765
20240116,15880
20240115,16200
20240112,16075
20240111,16250
20240110,15980
20240109,16150
20240108,15930
20240105,15705
20240104,16025
20240103,16210
20240102,16600
20231229,16300
20231228,16405
20231227,16355
20231222,16360
20231221,16670
20231220,16355
20231219,16460
20231218,16650
20231215,16740
20231214,16500
20231213,16100
20231212,16265
20231211,16305
20231208,16605
20231207,16000
20231206,16250
20231205,16060
20231204,16350
20231201,16655
20231130,16335
20231129,16660
20231128,16455
20231127,15885
20231124,15935
20231123,16280
20231122,16430
20231121,16560
20231120,16635
20231117,16780
20231116,16960
20231115,17155
20231114,17005
20231113,17000
20231110,17170
20231109,17650
20231108,17865
20231107,17585
20231106,17865
20231103,17810
20231102,17785
20231101,17750
20231031,17825
20231030,18180
20231027,18000
20231026,17900
20231025,18150
20231024,17800
20231023,18135
20231020,18350
20231019,18285
20231018,18470
20231017,18160
20231016,18460
20231013,18335
20231012,18435
20231011,18260
20231010,18260
20231009,18610
20231006,18280
20231005,18205
20231004,18600
20231003,18405
20231002,18510
20230929,18510
20230928,18650
20230927,18700
20230926,18675
20230925,18950
20230922,19050
20230921,18955
20230920,19635
20230919,19360
20230918,19745
20230915,19950
20230914,20255
20230913,19485
20230912,19830
20230911,20050
20230908,19905
20230907,20130
20230906,20550
20230905,20800
20230904,20550
20230901,20475
20230831,20225
20230830,20235
20230829,20355
20230825,20900
20230824,20400
20230823,20525
20230822,20215
20230821,20050
20230818,19925
20230817,19850
20230816,19850
20230815,19685
20230814,19825
20230811,20000
20230810,20225
20230809,20450
20230808,20650
20230807,21250
20230804,20980
20230803,21300
20230802,21700
20230801,22355
20230731,21625
20230728,21650
20230727,21395
20230726,21575
20230725,21350
20230724,20605
20230721,20810
20230720,21155
20230719,20700
20230718,20600
20230717,20710
20230714,21305
20230713,21150
20230712,20950
20230711,20460
20230710,20685
20230707,20370
20230706,21135
20230705,20175
20230704,20300
20230703,20160
20230630,20125
20230629,19745
20230628,19855
20230627,20335
20230626,20560
20230623,20895
20230622,21210
20230621,21350
20230620,21830
20230619,22465
20230616,23140
20230615,22725
20230614,22155
20230613,21250
20230612,21100
20230609,21390
20230608,21110
20230607,21005
20230606,21050
20230605,20610
20230602,21490
20230601,20850
20230531,20450
20230530,21235
20230526,21450
20230525,21125
20230524,20900
20230523,20760
20230522,21275
20230519,21465
20230518,21275
20230517,21320
20230516,21400
20230515,22200
20230512,22285
20230511,22250
20230510,23035
20230509,23930
20230505,23800
20230504,25100
20230503,25100
20230502,24235
20230428,23770
20230427,23655
20230426,23650
20230425,23865
20230424,24130
20230421,24335
20230420,25540
20230419,24465
20230418,24960
20230417,24455
20230414,24165
20230413,23210
20230412,22890
20230411,22850
20230406,22500
20230405,22710
20230404,22910
20230403,23560
20230331,23100
20230330,23185
20230329,24200
20230328,23600
20230327,23875
20230324,22795
20230323,21895
20230322,22300
20230321,22550
20230320,22675
20230317,23210
20230316,22650
20230315,22750
20230314,23255
20230313,22625
20230310,22675
20230309,23225
20230308,23500
20230307,23960
20230306,24450
20230303,24405
20230302,24160
20230301,25025
20230228,24820
20230227,24600
20230224,24850
20230223,25600
20230222,26225
20230221,26600
20230220,25955
20230217,25600
20230216,25860
20230215,25805
20230214,26900
20230213,26755
20230210,27710
20230209,27050
20230208,27300
20230207,26810
20230206,27450
20230203,29110
20230202,28735
20230201,30060
20230131,29400
20230130,29535
20230127,29065
20230126,28750
20230125,28755
20230124,28110
20230123,27650
20230120,28650
20230119,28175
20230118,27510
20230117,26750
20230116,27100
20230113,27175
20230112,26475
20230111,27575
20230110,27700
20230109,27485
20230106,27465
20230105,28775
20230104,29750
20230103,31200
20221230,30425
20221229,30000
20221228,30505
20221223,29600
20221222,28650
20221221,28175
20221220,28400
20221219,27525
20221216,28850
20221215,28625
20221214,27850
20221213,28800
20221212,29310
20221209,29850
20221208,31075
20221207,28725
20221206,28250
20221205,28365
20221202,27145
20221201,26950
20221130,26500
20221129,26255
20221128,25250
20221125,25600
20221124,26160
20221123,25900
20221122,25700
20221121,24450
20221118,24850
20221117,26070
20221116,28555
20221115,29600
20221114,27005
20221111,26025
20221110,24420
20221109,24095
20221108,23410
20221107,22950
20221104,23735
20221103,23060
20221102,23360
20221101,22705
20221031,21750
20221028,22255
20221027,22250
20221026,22255
20221025,22075
20221024,22170
20221021,21550
20221020,21825
20221019,21620
20221018,21500
20221017,21460
20221014,21910
20221013,21920
20221012,21750
20221011,22400
20221010,22100
20221007,22360
20221006,22350
20221005,22275
20221004,21300
20221003,21575
20220930,22290
20220929,22900
20220928,21225
20220927,21890
20220926,22150
20220923,23135
20220922,24525
20220921,24860
20220920,24750
20220919,24610
20220916,23500
20220915,23310
20220914,23755
20220913,24655
20220912,23325
20220909,22200
20220908,21400
20220907,21450
20220906,21355
20220905,21000
20220902,20200
20220901,20525
20220831,21255
20220830,21385
20220826,21510
20220825,21250
20220824,21350
20220823,21780
20220822,21810
20220819,21575
20220818,21850
20220817,22035
20220816,22500
20220815,21850
20220812,23225
20220811,23110
20220810,21330
20220809,21355
20220808,21725
20220805,22170
20220804,22035
20220803,22000
20220802,22825
20220801,24025
20220729,22050
20220728,21500
20220727,21300
20220726,22320
20220725,22550
20220722,21530
20220721,21200
20220720,21300
20220719,21350
20220718,20200
20220715,19100
20220714,20335
20220713,21700
20220712,21450
20220711,21500
20220708,21255
20220707,22025
20220706,22225
20220705,21925
20220704,22685
20220701,21650
20220630,23100
20220629,24750
20220628,23900
20220627,23200
20220624,22900
20220623,24110
20220622,24975
20220621,25540
20220620,25230
20220617,25435
20220616,25425
20220615,25650
20220614,25500
20220613,26390
20220610,27570
20220609,28055
20220608,28860
20220607,29050
20220606,29400
20220601,27710
20220531,28700
20220530,29975
20220527,27850
20220526,27550
20220525,26725
20220524,26280
20220523,26800
20220520,27950
20220519,26125
20220518,26180
20220517,26300
20220516,26105
20220513,27425
20220512,27600
20220511,27800
20220510,27760
20220509,28400
20220506,29930
20220505,30200
20220504,30385
20220503,30910
20220429,32430
20220428,33275
20220427,33300
20220426,32825
20220425,32650
20220422,33850
20220421,33775
20220420,33800
20220419,33700
20220414,33250
20220413,33000
20220412,32450
20220411,32925
20220408,34100
20220407,33500
20220406,33600
20220405,33750
20220404,33690
20220401,32800
20220331,33400
20220330,32750
20220329,33100
20220328,34050
20220325,35550
20220324,35550
20220323,35550
20220322,30800
20220321,30800
20220318,30800
20220317,30800
20220316,30800
20220315,30800
20220314,30800
20220311,30800
20220310,30800
20220309,30800
20220308,30800
20220307,42995
20220304,29800
20220303,28800
20220302,27000
20220301,25450
20220228,25240
20220225,24700
20220224,26105
20220223,24950
20220222,25650
20220221,24870
20220218,24500
20220217,24150
20220216,23905
20220215,23950
20220214,23650
20220211,23705
20220210,24055
20220209,23550
20220208,23530
20220207,23650
20220204,23475
20220203,23225
20220202,23400
20220201,23300
20220131,22800
20220128,22750
20220127,22860
20220126,23425
20220125,22535
20220124,23500
20220121,24000
20220120,23900
20220119,22795
20220118,22740
20220117,22475
20220114,22850
20220113,22130
20220112,22200
20220111,21680
20220110,21045
20220107,20725
20220106,20480
20220105,20900
20220104,20730
20211231,20925
20211230,20700
20211229,20320
20211224,20295
20211223,20180
20211222,19985
20211221,19750
20211220,19370
20211217,19840
20211216,19585
20211215,19330
20211214,19750
20211213,19905
20211210,19960
20211209,19975
20211208,20430
20211207,20305
20211206,19980
20211203,20290
20211202,20190
20211201,20410
20211130,20190
20211129,20350
20211126,20235
20211125,21075
20211124,21135
20211123,20590
20211122,20270
20211119,19980
20211118,19295
20211117,19575
20211116,19675
20211115,19950
20211112,19950
20211111,19850
20211110,19635
20211109,19720
20211108,19625
20211105,19270
20211104,19590
20211103,19780
20211102,19825
20211101,19650
20211029,19480
20211028,19825
20211027,19850
20211026,20495
20211025,20135
20211022,20355
20211021,20530
20211020,20035
20211019,20455
20211018,20215
20211015,19860
20211014,19290
20211013,19235
20211012,19375
20211011,19420
20211008,18870
20211007,18240
20211006,18095
20211005,17800
20211004,18140
20211001,18125
20210930,18180
20210929,18625
20210928,18620
20210927,18910
20210924,19180
20210923,19235
20210922,19080
20210921,18910
20210920,19080
20210917,20060
20210916,19530
20210915,19850
20210914,19640
20210913,19930
20210910,20375
20210909,20240
20210908,19725
20210907,19555
20210906,19640
20210903,19494
20210902,19365
20210901,19541
20210831,19513
20210827,18914
20210826,18868
20210825,19225
20210824,19065
20210823,18895
20210820,18569
20210819,18476
20210818,19019
20210817,19470
20210816,19505
20210813,19650
20210812,19540
20210811,18885
20210810,18718
20210809,18748
20210806,19533
20210805,19279
20210804,19448
20210803,19324
20210802,19725
20210730,19892
20210729,19769
20210728,19583
20210727,19368
20210726,19482
20210723,19267
20210722,18870
20210721,18382
20210720,18570
20210719,18866
20210716,18895
20210715,18695
20210714,18689
20210713,18785
20210712,18566
20210709,18673
20210708,18180
20210707,18309
20210706,18541
20210705,18370
20210702,18141
20210701,18082
20210630,18450
20210629,18213
20210628,18358
20210625,18611
20210624,18192
20210623,17867
20210622,17701
20210621,17310
20210618,17320
20210617,17287
20210616,17483
20210615,17909
20210614,18276
20210611,18303
20210610,17783
20210609,18088
20210608,17828
20210607,17625
20210604,17922
20210603,17945
20210602,18133
20210601,18147
20210528,17811
20210527,17364
20210526,17168
20210525,17125
20210524,16780
20210521,17047
20210520,17326
20210519,17680
20210518,18142
20210517,17723
20210514,17404
20210513,17180
20210512,17932
20210511,17943
20210510,18070
20210507,18025
20210506,17943
20210505,17985
20210504,17861
20210430,17477
20210429,17433
20210428,17223
20210427,16914
20210426,16449
20210423,16150
20210422,16009
20210421,16085
20210420,16144
20210419,16063
20210416,16411
20210415,16049
20210414,16205
20210413,16173
20210412,16220
20210409,16629
20210408,16778
20210407,16681
20210406,16520
20210401,16001
20210331,16098
20210330,16327
20210329,16259
20210326,16255
20210325,15984
20210324,16133
20210323,16526
20210322,16425
20210319,16121
20210318,15999
20210317,15988
20210316,16131
20210315,16167
20210312,16158
20210311,16434
20210310,16040
20210309,15907
20210308,16115
20210305,16349
20210304,16144
20210303,17802
20210302,18580
20210301,18655
20210226,18607
20210225,19568
20210224,19352
20210223,19226
20210222,19689
20210219,19496
20210218,18966
20210217,18704
20210216,18615
20210215,18612
20210212,18363
20210211,18599
20210210,18484
20210209,18338
20210208,18067
20210205,17954
20210204,17535
20210203,17623
20210202,17756
20210201,17807
20210129,17727
20210128,17662
20210127,17818
20210126,18142
20210125,18240
20210122,17906
20210121,18370
20210120,18055
20210119,18075
20210118,18056
20210115,17970
20210114,17951
20210113,17675
20210112,17665
20210111,17164
20210108,17890
20210107,17929
20210106,17796
20210105,17517
20210104,17344
20201231,16540
20201230,16775
20201229,17003
20201224,16951
20201223,16691
20201222,16913
20201221,17342
20201218,17551
20201217,17520
20201216,17355
20201215,17650
20201214,17594
20201211,17192
20201210,16807
20201209,16475
20201208,16390
20201207,16290
20201204,16020
20201203,15937
20201202,15850
20201201,16102
20201130,16343
20201127,16373
20201126,16055
20201125,15975
20201124,16007
20201123,16017
20201120,15870
20201119,15690
20201118,15745
20201117,15703
20201116,16030
20201113,15815
20201112,15874
20201111,15807
20201110,15700
20201109,15862
20201106,15532
20201105,15450
20201104,15391
20201103,15365
20201102,15113
20201030,15256
20201029,15393
20201028,15819
20201027,15602
20201026,15397
20201023,15768
20201022,15707
20201021,16064
20201020,15791
20201019,15653
20201016,15603
20201015,15353
20201014,15105
20201013,15147
20201012,15217
20201009,14990
20201008,14687
20201007,14570
20201006,14643
20201005,14360
20201002,14271
20201001,14430
20200930,14385
20200929,14470
20200928,14416
20200925,14285
20200924,14179
20200923,14365
20200922,14554
20200921,14691
20200918,14908
20200917,14895
20200916,15160
20200915,15218
20200914,15090
20200911,14935
20200910,14748
20200909,14821
20200908,15090
20200907,15185
20200904,15210
20200903,15135
20200902,15658
20200901,15660
20200828,15414
20200827,15120
20200826,15034
20200825,14880
20200824,14862
20200821,14562
20200820,14666
20200819,14705
20200818,14602
20200817,14548
20200814,14235
20200813,14106
20200812,14167
20200811,14153
20200810,14146
20200807,14335
20200806,14381
20200805,14250
20200804,13888
20200803,13683
20200731,13756
20200730,13716
20200729,13762
20200728,13470
20200727,13718
20200724,13430
20200723,13460
20200722,13215
20200721,13315
20200720,13162
20200717,13281
20200716,13253
20200715,13512
20200714,13518
20200713,13482
20200710,13070
20200709,13425
20200708,13415
20200707,13231
20200706,13242
20200703,13040
20200702,12823
20200701,12555
20200630,12790
20200629,12684
20200626,12709
20200625,12386
20200624,12510
20200623,12541
20200622,12625
20200619,12855
20200618,12760
20200617,12900
20200616,12930
20200615,12503
20200612,12733
20200611,12615
20200610,12881
20200609,12804
20200608,12943
20200605,12785
20200604,12608
20200603,12812
20200602,12680
20200601,12418
20200529,12120
20200528,12133
20200527,12144
20200526,12260
20200522,12124
20200521,12762
20200520,12335
20200519,12300
20200518,11950
20200515,11807
20200514,12084
20200513,12200
20200512,12275
20200511,12188
20200507,12247
20200506,12199
20200505,11805
20200504,11785
20200501,11853
20200430,12134
20200429,12135
20200428,12251
20200427,12256
20200424,12073
20200423,12010
20200422,11895
20200421,12085
20200420,12255
20200417,11887
20200416,11657
20200415,11712
20200414,11723
20200409,11457
20200408,11425
20200407,11350
20200406,11162
20200403,11192
20200402,11185
20200401,11220
20200331,11235
20200330,11280
20200327,11225
20200326,11221
20200325,11175
20200324,11075
20200323,11055
20200320,11370
20200319,11235
20200318,11420
20200317,11830
20200316,11775
20200313,12565
20200312,11855
20200311,12435
20200310,12835
20200309,12415
20200306,12710
20200305,12800
20200304,12700
20200303,12555
20200302,12440
20200228,12160
20200227,12280
20200226,12290
20200225,12540
20200224,12360
20200221,12440
20200220,12685
20200219,12700
20200218,12880
20200217,13070
20200214,13035
20200213,13065
20200212,13050
20200211,13100
20200210,12880
20200207,12770
20200206,13010
20200205,13005
20200204,12800
20200203,12750
20200131,12675
20200130,12535
20200129,12630
20200128,12740
20200127,12650
20200124,12990
20200123,13300
20200122,13645
20200121,13750
20200120,13845
20200117,13840
20200116,14290
20200115,13950
20200114,13680
20200113,14190
20200110,14050
20200109,14125
20200108,13810
20200107,13860
20200106,13795
20200103,13740
20200102,14075
20191231,14000
20191230,14225
20191227,14000
20191224,14290
20191223,14395
20191220,14220
20191219,14035
20191218,13850
20191217,14090
20191216,14085
20191213,14145
20191212,13810
20191211,13535
20191210,13070
20191209,13200
20191206,13420
20191205,13165
20191204,13250
20191203,13600
20191202,13625
20191129,13810
20191128,14070
20191127,14445
20191126,14370
20191125,14570
20191122,14400
20191121,14410
20191120,14310
20191119,14475
20191118,14760
20191115,14990
20191114,15355
20191113,15530
20191112,15500
20191111,15730
20191108,16190
20191107,16305
20191106,16390
20191105,16235
20191104,16595
20191101,16750
20191031,16835
20191030,16900
20191029,16680
20191028,16680
20191025,16890
20191024,16950
20191023,16395
20191022,16025
20191021,16200
20191018,16475
20191017,16325
20191016,17005
20191015,17070
20191014,17405
20191011,18000
20191010,17750
20191009,17745
20191008,17560
20191007,17950
20191004,17905
20191003,17785
20191002,17670
20191001,17410
20190930,17570
20190927,17410
20190926,17365
20190925,17195
20190924,17270
20190923,17760
20190920,17960
20190919,17270
20190918,17230
20190917,17000
20190916,17295
20190913,17820
20190912,18200
20190911,18330
20190910,18065
20190909,17895
20190906,17500
20190905,17540
20190904,17910
20190903,17925
20190902,18625
20190830,17860
20190829,16345
20190828,16025
20190827,15905
20190823,15755
20190822,15780
20190821,15755
20190820,15860
20190819,16005
20190816,16090
20190815,15990
20190814,16050
20190813,15725
20190812,15635
20190809,15620
20190808,15495
20190807,14740
20190806,15020
20190805,14860
20190802,14520
20190801,14290
20190731,14360
20190730,14205
20190729,13990
20190726,14060
20190725,13995
20190724,14475
20190723,14305
20190722,14310
20190719,14425
20190718,14685
20190717,14230
20190716,13920
20190715,13350
20190712,13205
20190711,13090
20190710,12790
20190709,12560
20190708,12525
20190705,12300
20190704,12305
20190703,12185
20190702,12025
20190701,12340
20190628,12665
20190627,12665
20190626,12400
20190625,12210
20190624,12065
20190621,12135
20190620,12245
20190619,11865
20190618,11705
20190617,11745
20190614,11895
20190613,11920
20190612,11745
20190611,11825
20190610,11600
20190607,11580
20190606,11710
20190605,11765
20190604,11800
20190603,11860
20190531,12040
20190530,11980
20190529,12040
20190528,12235
20190524,12155
20190523,11870
20190522,11965
20190521,12030
20190520,11915
20190517,12025
20190516,12215
20190515,11930
20190514,11820
20190513,11730
20190510,11865
20190509,11710
20190508,11965
20190507,12050
20190503,12170
20190502,12125
20190501,12130
20190430,12360
20190429,12335
20190426,12270
20190425,12270
20190424,12340
20190423,12490
20190418,12630
20190417,12950
20190416,12970
20190415,12855
20190412,12945
20190411,13020
20190410,13120
20190409,13165
20190408,13150
20190405,13090
20190404,13045
20190403,13200
20190402,13020
20190401,13155
20190329,13015
20190328,12780
20190327,13025
20190326,12850
20190325,12765
20190322,12930
20190321,13145
20190320,13195
20190319,13095
20190318,12810
20190315,12845
20190314,12930
20190313,12950
20190312,13150
20190311,12990
20190308,13040
20190307,13380
20190306,13610
20190305,13450
20190304,13160
20190301,13160
20190228,13040
20190227,12880
20190226,12815
20190225,12940
20190222,12930
20190221,12715
20190220,12700
20190219,12430
20190218,12350
20190215,12100
20190214,12345
20190213,12305
20190212,12455
20190211,12475
20190208,12735
20190207,12845
20190206,12930
20190205,12870
20190204,12675
20190201,12460
20190131,12380
20190130,12245
20190129,11885
20190128,11845
20190125,11715
20190124,11540
20190123,11615
20190122,11615
20190121,11670
20190118,11610
20190117,11450
20190116,11580
20190115,11430
20190114,11420
20190111,11400
20190110,11225
20190109,11205
20190108,11055
20190107,11040
20190104,10920
20190103,10715
20190102,10440
20181231,10595
20181228,10670
20181227,10650
20181224,10800
20181221,10785
20181220,10885
20181219,10775
20181218,10885
20181217,10935
20181214,10740
20181213,10800
20181212,10720
20181211,10765
20181210,10740
20181207,10815
20181206,10855
20181205,11020
20181204,11265
20181203,11200
20181130,11020
20181129,10890
20181128,10735
20181127,10710
20181126,10770
20181123,10710
20181122,10970
20181121,11085
20181120,11190
20181119,11200
20181116,11280
20181115,11340
20181114,11225
20181113,11370
20181112,11290
20181109,11470
20181108,11615
20181107,11670
20181106,11820
20181105,11680
20181102,11980
20181101,11555
20181031,11625
20181030,11700
20181029,11725
20181026,11835
20181025,12135
20181024,12295
20181023,12330
20181022,12455
20181019,12470
20181018,12140
20181017,12440
20181016,12450
20181015,12650
20181012,12710
20181011,12420
20181010,12775
20181009,12660
20181008,12395
20181005,12400
20181004,12770
20181003,12400
20181002,12420
20181001,12325
20180928,12480
20180927,12620
20180926,12895
20180925,12845
20180924,12980
20180921,12955
20180920,12530
20180919,12470
20180918,12320
20180917,12235
20180914,12515
20180913,12615
20180912,12285
20180911,12255
20180910,12205
20180907,12290
20180906,12490
20180905,12415
20180904,12475
20180903,12670
20180831,13010
20180830,13290
20180829,13415
20180828,13460
20180824,13310
20180823,13140
20180822,13570
20180821,13680
20180820,13560
20180817,13240
20180816,13115
20180815,12985
20180814,13345
20180813,13680
20180810,13635
20180809,14060
20180808,13920
20180807,13750
20180806,13225
20180803,13130
20180802,13225
20180801,13780
20180731,13770
20180730,13700
20180727,13720
20180726,13575
20180725,13535
20180724,13435
20180723,13440
20180720,13425
20180719,13220
20180718,13315
20180717,13460
20180716,13680
20180713,13870
20180712,14055
20180711,13630
20180710,13960
20180709,13970
20180706,13760
20180705,14170
20180704,14100
20180703,14620
20180702,14575
20180629,14910
20180628,14720
20180627,14700
20180626,14570
20180625,15060
20180622,15255
20180621,14980
20180620,14850
20180619,14545
20180618,14970
20180615,15265
20180614,15245
20180613,15180
20180612,15295
20180611,15310
20180608,15240
20180607,15750
20180606,15640
20180605,15415
20180604,15280
20180601,15150
20180531,15200
20180530,14870
20180529,14880
20180525,14840
20180524,14525
20180523,14510
20180522,14700
20180521,14615
20180518,14750
20180517,14580
20180516,14410
20180515,14490
20180514,14320
20180511,13910
20180510,13810
20180509,13790
20180508,13940
20180504,13835
20180503,13985
20180502,13915
20180501,13610
20180430,13725
20180427,13980
20180426,13945
20180425,14120
20180424,14250
20180423,14050
20180420,14640
20180419,15710
20180418,15105
20180417,13950
20180416,14150
20180413,14005
20180412,13585
20180411,13740
20180410,13700
20180409,13240
20180406,12890
20180405,13285
20180404,13060
20180403,13560
20180329,13245
20180328,12925
20180327,13030
20180326,12845
20180323,13050
20180322,13355
20180321,13330
20180320,13520
20180319,13430
20180316,13740
20180315,13685
20180314,13925
20180313,13830
20180312,13725
20180309,13345
20180308,13250
20180307,13370
20180306,13580
20180305,13335
20180302,13450
20180301,13510
20180228,13800
20180227,13885
20180226,13910
20180223,13800
20180222,13575
20180221,13590
20180220,13650
20180219,13600
20180216,14030
20180215,14150
20180214,13630
20180213,13215
20180212,12965
20180209,12970
20180208,13025
20180207,13490
20180206,13370
20180205,13540
20180202,13795
20180201,13545
20180131,13555
20180130,13650
20180129,13890
20180126,13750
20180125,13695
20180124,13000
20180123,12750
20180122,12720
20180119,12595
20180118,12455
20180117,12415
20180116,12415
20180115,12835
20180112,12670
20180111,12835
20180110,12900
20180109,12515
20180108,12450
20180105,12500
20180104,12615
20180103,12465
20180102,12690
20171229,12260
20171228,12095
20171227,11840
20171222,12050
20171221,12000
20171220,11915
20171219,11690
20171218,11530
20171215,11170
20171214,11140
20171213,11085
20171212,11070
20171211,10860
20171208,10990
20171207,10795
20171206,10830
20171205,11075
20171204,11330
20171201,11050
20171130,11295
20171129,11305
20171128,11400
20171127,11600
20171124,12015
20171123,11625
20171122,11730
20171121,11605
20171120,11510
20171117,11470
20171116,11570
20171115,11580
20171114,12255
20171113,12280
20171110,12285
20171109,12230
20171108,12565
20171107,12805
20171106,12830
20171103,12560
20171102,12630
20171101,12695
20171031,11850
20171030,11500
20171027,11370
20171026,11845
20171025,11860
20171024,11950
20171023,11745
20171020,12050
20171019,11680
20171018,11745
20171017,11675
20171016,11790
20171013,11605
20171012,11195
20171011,10980
20171010,10910
20171009,10770
20171006,10500
20171005,10560
20171004,10640
20171003,10555
20171002,10375
20170929,10585
20170928,10175
20170927,10530
20170926,10450
20170925,10395
20170922,10580
20170921,10860
20170920,11375
20170919,10950
20170918,11090
20170915,11005
20170914,11265
20170913,11485
20170912,11535
20170911,11550
20170908,11845
20170907,12035
20170906,11920
20170905,12150
20170904,12120
20170901,12005
20170831,11620
20170830,11555
20170829,11735
20170825,11610
20170824,11640
20170823,11435
20170822,11430
20170821,11250
20170818,10730
20170817,10710
20170816,10560
20170815,10370
20170814,10510
20170811,10590
20170810,10770
20170809,10710
20170808,10280
20170807,10310
20170804,10335
20170803,10255
20170802,10205
20170801,10155
20170731,10235
20170728,10180
20170727,10105
20170726,9915
20170725,9885
20170724,9560
20170721,9560
20170720,9540
20170719,9720
20170718,9595
20170717,9580
20170714,9380
20170713,9185
20170712,9210
20170711,8980
20170710,8885
20170707,8950
20170706,9090
20170705,9065
20170704,9125
20170703,9370
20170630,9280
20170629,9275
20170628,9125
20170627,9060
20170626,9040
20170623,9170
20170622,8910
20170621,8890
20170620,8980
20170619,8895
20170616,8905
20170615,8830
20170614,8815
20170613,8720
20170612,8940
20170609,8805
20170608,8800
20170607,8870
20170606,8800
20170605,8820
20170602,8715
20170601,8830
20170531,8810
20170530,9025
20170526,9005
20170525,9075
20170524,9130
20170523,9290
20170522,9370
20170519,9180
20170518,9005
20170517,9165
20170516,9015
20170515,9310
20170512,9325
20170511,9370
20170510,9195
20170509,9190
20170508,9070
20170505,8935
20170504,9010
20170503,9280
20170502,9485
20170428,9485
20170427,9190
20170426,9255
20170425,9235
20170424,9270
20170421,9395
20170420,9380
20170419,9455
20170418,9545
20170413,9695
20170412,9710
20170411,10050
20170410,10100
20170407,9950
20170406,10320
20170405,10170
20170404,9865
20170403,9965
20170331,9875
20170330,9935
20170329,9915
20170328,9740
20170327,9710
20170324,9920
20170323,9915
20170322,9950
20170321,10105
20170320,10060
20170317,10200
20170316,10290
20170315,10185
20170314,10090
20170313,10145
20170310,10030
20170309,10100
20170308,10520
20170307,10920
20170306,10895
20170303,10900
20170302,10900
20170301,11000
20170228,10870
20170227,10900
20170224,10680
20170223,10635
20170222,10710
20170221,11020
20170220,11045
20170217,10900
20170216,10875
20170215,10710
20170214,10825
20170213,10675
20170210,10450
20170209,10380
20170208,10440
20170207,10390
20170206,10340
20170203,10160
20170202,10360
20170201,10025
20170131,9890
20170130,9495
20170127,9380
20170126,9565
20170125,9635
20170124,9765
20170123,9770
20170120,9735
20170119,10050
20170118,10160
20170117,10175
20170116,10235
20170113,10115
20170112,9975
20170111,10450
20170110,10435
20170109,10245
20170106,10185
20170105,10230
20170104,9975
20170103,10205
20161230,10010
20161229,10035
20161228,10140
20161223,10570
20161222,10585
20161221,10885
20161220,10980
20161219,10850
20161216,11130
20161215,11245
20161214,11365
20161213,11410
20161212,11275
20161209,11330
20161208,11370
20161207,11550
20161206,11520
20161205,11680
20161202,11125
20161201,11210
20161130,10965
20161129,11300
20161128,11680
20161125,11465
20161124,11570
20161123,11225
20161122,11380
20161121,11155
20161118,11080
20161117,11240
20161116,11205
20161115,11155
20161114,11135
20161111,11735
20161110,11710
20161109,11450
20161108,11140
20161107,10930
20161104,10385
20161103,10440
20161102,10355
20161101,10445
20161031,10550
20161028,10340
20161027,10265
20161026,10150
20161025,10255
20161024,10020
20161021,9995
20161020,10165
20161019,10280
20161018,10335
20161017,10400
20161014,10435
20161013,10415
20161012,10575
20161011,10415
20161010,10305
20161007,10260
20161006,10120
20161005,9970
20161004,10155
20161003,10190
20160930,10460
20160929,10530
20160928,10615
20160927,10760
20160926,10450
20160923,10625
20160922,10545
20160921,10315
20160920,10195
20160919,9920
20160916,9650
20160915,9745
20160914,9770
20160913,10015
20160912,10025
20160909,10340
20160908,10310
20160907,10135
20160906,10060
20160905,10050
20160902,9880
20160901,9750
20160831,9725
20160830,9720
20160826,9775
20160825,9795
20160824,10220
20160823,10235
20160822,10125
20160819,10250
20160818,10325
20160817,10155
20160816,10330
20160815,10405
20160812,10445
20160811,10690
20160810,10900
20160809,10730
20160808,10790
20160805,10580
20160804,10440
20160803,10650
20160802,10795
20160801,10705
20160729,10445
20160728,10535
20160727,10360
20160726,10315
20160725,10440
20160722,10655
20160721,10665
20160720,10445
20160719,10555
20160718,10310
20160715,10360
20160714,10370
20160713,10290
20160712,10310
20160711,10090
20160708,9740
20160707,9810
20160706,9675
20160705,10085
20160704,10300
20160701,9535
20160630,9415
20160629,9280
20160628,9135
20160627,8960
20160624,8900
20160623,9180
20160622,9230
20160621,9180
20160620,9210
20160617,9050
20160616,8785
20160615,9070
20160614,8805
20160613,8825
20160610,8950
20160609,8950
20160608,8825
20160607,8565
20160606,8625
20160603,8510
20160602,8365
20160601,8325
20160531,8465
20160527,8375
20160526,8375
20160525,8340
20160524,8340
20160523,8310
20160520,8525
20160519,8490
20160518,8585
20160517,8630
20160516,8640
20160513,8585
20160512,8775
20160511,8780
20160510,8635
20160509,8730
20160506,8960
20160505,9300
20160504,9390
20160503,9555
20160429,9460
20160428,9150
20160427,9200
20160426,9060
20160425,9080
20160422,9130
20160421,9430
20160420,9215
20160419,9070
20160418,8950
20160415,8885
20160414,8880
20160413,8920
20160412,8655
20160411,8555
20160408,8405
20160407,8460
20160406,8470
20160405,8275
20160404,8275
20160401,8380
20160331,8280
20160330,8425
20160329,8575
20160324,8580
20160323,8625
20160322,8650
20160321,8615
20160318,8855
20160317,8645
20160316,8460
20160315,8535
20160314,8705
20160311,8770
20160310,8735
20160309,8785
20160308,9040
20160307,9375
20160304,9050
20160303,8785
20160302,8760
20160301,8535
20160229,8420
20160226,8410
20160225,8500
20160224,8520
20160223,8675
20160222,8695
20160219,8340
20160218,8305
20160217,8240
20160216,8270
20160215,8120
20160212,7720
20160211,7710
20160210,8040
20160209,8100
20160208,8055
20160205,8485
20160204,8545
20160203,8440
20160202,8460
20160201,8450
20160129,8545
20160128,8570
20160127,8655
20160126,8545
20160125,8555
20160122,8725
20160121,8505
20160120,8565
20160119,8680
20160118,8500
20160115,8380
20160114,8350
20160113,8260
20160112,8180
20160111,8310
20160108,8405
20160107,8315
20160106,8480
20160105,8620
20160104,8515
