Date,Price
20160902,1065
20160905,1065
20160906,1065
20160907,1065
20160908,1065
20160909,1065
20160912,1065
20160913,1065
20160914,1065
20160918,1065
20160919,1065
20160920,1065
20160921,1065
20160922,1065
20160923,1065
20160926,1065
20160927,1065
20160928,1065
20160929,1065
20160930,1065
20161009,1065
20161010,1065
20161011,1065
20161012,1065
20161014,1075
20161017,1075
20161018,1075
20161019,1075
20161020,1075
20161021,1075
20161024,1075
20161025,1075
20161026,1095
20161027,1105
20161028,1105
20161031,1105
20161101,1105
20161102,1105
20161103,1135
20161104,1155
20161107,1185
20161108,1195
20161109,1195
20161111,1195
20161114,1195
20161115,1195
20161116,1195
20161117,1195
20161118,1225
20161121,1225
20161122,1225
20161123,1235
20161124,1235
20161128,1235
20161129,1235
20161130,1235
20161201,1235
20161202,1235
20161205,1225
20161206,1225
20161207,1225
20161208,1225
20161209,1225
20161212,1215
20161213,1215
20161214,1215
20161215,1215
20161216,1215
20161219,1215
20161220,1215
20161221,1215
20161222,1215
20161223,1215
20161226,1215
20161227,1195
20161228,1195
20161229,1195
20161230,1195
20170103,1195
20170105,1195
20170106,1175
20170109,1175
20170110,1175
20170111,1175
20170112,1175
20170113,1165
20170116,1135
20170117,1135
20170118,1135
20170119,1135
20170120,1135
20170122,1115
20170123,1115
20170124,1115
20170125,1115
20170206,1095
20170207,1095
20170208,1095
20170209,1075
20170210,1075
20170213,1075
20170214,1055
20170215,1055
20170216,1055
20170217,1055
20170220,1055
20170221,1035
20170222,1035
20170223,1035
20170224,1035
20170227,1035
20170228,1035
20170301,1035
20170302,1035
20170303,1035
20170306,1035
20170307,1035
20170308,1035
20170309,1045
20170310,1045
20170313,1045
20170314,1085
20170315,1085
20170316,1085
20170317,1105
20170320,1105
20170321,1120
20170322,1155
20170323,1155
20170324,1155
20170327,1155
20170328,1155
20170329,1155
20170331,1145
20170405,1145
20170406,1145
20170407,1145
20170410,1135
20170412,1135
20170413,1135
20170414,1135
20170417,1135
20170418,1125
20170419,1125
20170420,1125
20170421,1125
20170424,1125
20170425,1125
20170426,1125
20170427,1125
20170428,1125
20170503,1125
20170504,1125
20170505,1125
20170508,1125
20170509,1125
20170510,1125
20170512,1115
20170516,1115
20170517,1115
20170518,1115
20170519,1115
20170522,1115
20170523,1115
20170524,1115
20170525,1115
20170526,1115
20170531,1115
20170601,1125
20170602,1125
20170605,1125
20170606,1125
20170607,1125
20170608,1125
20170609,1125
20170612,1125
20170614,1125
20170615,1130
20170616,1130
20170619,1130
20170621,1130
20170622,1130
20170623,1130
20170626,1130
20170627,1130
20170628,1130
20170629,1130
20170630,1130
20170703,1130
20170704,1130
20170705,1130
20170706,1130
20170707,1130
20170710,1130
20170712,1130
20170713,1145
20170714,1165
20170717,1165
20170718,1165
20170719,1165
20170721,1185
20170724,1185
20170725,1185
20170726,1215
20170727,1215
20170728,1215
20170731,1215
20170801,1215
20170802,1215
20170803,1235
20170804,1235
20170807,1265
20170808,1265
20170809,1275
20170810,1275
20170811,1305
20170814,1315
20170815,1315
20170817,1325
20170818,1335
20170821,1535
20170822,1555
20170823,1575
20170824,1625
20170825,1625
20170828,1625
20170829,1625
20170830,1625
20170831,1625
20170904,1535
20170905,1525
20170906,1525
20170907,1525
20170908,1505
20170911,1495
20170912,1495
20170913,1495
20170914,1465
20170915,1465
20170918,1455
20170919,1455
20170920,1445
20170921,1435
20170922,1405
20170925,1385
20170926,1355
20170927,1345
20170928,1335
20170929,1325
20171009,1315
20171010,1305
20171011,1295
20171012,1285
20171013,1285
20171016,1285
20171017,1285
20171018,1285
20171019,1285
20171020,1285
20171023,1285
20171024,1285
20171025,1285
20171026,1285
20171027,1285
20171030,1305
20171031,1320
20171101,1330
20171102,1345
20171106,1355
20171107,1355
20171108,1355
20171109,1355
20171110,1355
20171113,1355
20171114,1355
20171115,1355
20171116,1355
20171117,1365
20171120,1375
20171121,1375
20171122,1385
20171123,1385
20171124,1405
20171127,1405
20171128,1405
20171129,1405
20171130,1405
20171201,1415
20171204,1435
20171205,1455
20171206,1475
20171207,1515
20171208,1535
20171211,1575
20171212,1615
20171213,1655
20171214,1655
20171215,1655
20171218,1655
20171219,1635
20171220,1615
20171221,1615
20171222,1625
20171225,1645
20171226,1645
20171227,1645
20171228,1645
20171229,1645
20180102,1615
20180103,1595
20180104,1575
20180105,1575
20180108,1575
20180109,1575
20180110,1545
20180111,1515
20180112,1515
20180115,1505
20180116,1475
20180117,1475
20180118,1475
20180119,1515
20180122,1515
20180123,1545
20180124,1595
20180125,1595
20180126,1595
20180129,1595
20180130,1595
20180131,1605
20180201,1605
20180202,1605
20180205,1605
20180206,1605
20180207,1605
20180208,1605
20180209,1605
20180222,1605
20180223,1605
20180226,1565
20180227,1545
20180228,1525
20180301,1515
20180302,1515
20180305,1495
20180306,1485
20180307,1475
20180308,1475
20180309,1465
20180312,1465
20180313,1465
20180314,1465
20180315,1465
20180316,1465
20180319,1465
20180320,1465
20180321,1465
20180322,1465
20180323,1435
20180326,1435
20180327,1435
20180328,1425
20180329,1415
20180330,1405
20180402,1405
20180403,1395
20180404,1395
20180408,1385
20180409,1385
20180410,1375
20180411,1375
20180412,1375
20180413,1375
20180416,1375
20180417,1375
20180418,1375
20180419,1385
20180420,1385
20180423,1385
20180424,1385
20180425,1385
20180426,1385
20180427,1365
20180502,1365
20180503,1365
20180504,1365
20180507,1365
20180508,1365
20180509,1365
20180510,1365
20180511,1365
20180514,1365
20180515,1395
20180516,1395
20180517,1425
20180518,1425
20180521,1425
20180522,1425
20180523,1425
20180524,1425
20180525,1425
20180528,1425
20180529,1425
20180530,1425
20180531,1425
20180601,1425
20180604,1425
20180605,1425
20180606,1425
20180607,1415
20180608,1415
20180611,1415
20180612,1415
20180613,1415
20180614,1415
20180615,1415
20180619,1415
20180620,1415
20180621,1395
20180622,1395
20180625,1395
20180626,1395
20180627,1415
20180628,1415
20180629,1415
20180702,1415
20180703,1415
20180704,1415
20180705,1395
20180706,1395
20180709,1395
20180710,1395
20180711,1395
20180712,1395
20180713,1385
20180716,1375
20180717,1355
20180718,1355
20180719,1355
20180720,1355
20180723,1355
20180724,1355
20180725,1355
20180726,1355
20180727,1355
20180730,1355
20180731,1355
20180801,1355
20180802,1355
20180803,1355
20180806,1355
20180807,1375
20180808,1375
20180809,1375
20180810,1375
20180813,1365
20180814,1365
20180815,1355
20180816,1355
20180817,1355
20180820,1355
20180821,1355
20180822,1335
20180823,1335
20180824,1335
20180827,1335
20180828,1335
20180829,1315
20180830,1315
20180831,1315
20180903,1315
20180904,1315
20180905,1315
20180906,1315
20180907,1305
20180910,1305
20180911,1305
20180912,1295
20180913,1295
20180914,1305
20180917,1305
20180918,1305
20180919,1305
20180920,1315
20180921,1315
20180925,1315
20180926,1315
20180927,1315
20180928,1315
20181008,1315
20181009,1315
20181010,1315
20181011,1315
20181012,1315
20181015,1315
20181016,1295
20181017,1295
20181018,1295
20181019,1295
20181022,1295
20181023,1305
20181024,1305
20181025,1305
20181026,1285
20181029,1285
20181030,1285
20181031,1285
20181101,1285
20181102,1285
20181105,1285
20181106,1285
20181107,1285
20181108,1285
20181109,1285
20181112,1285
20181113,1285
20181114,1285
20181115,1275
20181116,1275
20181119,1275
20181120,1275
20181121,1275
20181122,1275
20181123,1275
20181126,1275
20181127,1275
20181128,1275
20181129,1275
20181130,1275
20181203,1275
20181204,1265
20181205,1265
20181206,1265
20181207,1265
20181210,1265
20181211,1265
20181212,1255
20181213,1255
20181214,1255
20181217,1255
20181218,1245
20181219,1245
20181220,1245
20181221,1245
20181224,1245
20181225,1245
20181226,1225
20181227,1225
20181228,1205
20190102,1205
20190103,1205
20190104,1205
20190107,1205
20190108,1185
20190109,1185
20190110,1185
20190111,1185
20190114,1185
20190115,1185
20190116,1205
20190117,1205
20190118,1205
20190121,1205
20190122,1205
20190123,1205
20190124,1205
20190125,1205
20190128,1205
20190129,1205
20190130,1175
20190131,1175
20190201,1175
20190211,1175
20190212,1175
20190213,1175
20190214,1175
20190215,1175
20190218,1175
20190219,1175
20190220,1175
20190221,1155
20190222,1155
20190225,1155
20190226,1155
20190227,1155
20190228,1155
20190301,1155
20190304,1155
20190305,1155
20190306,1165
20190307,1175
20190308,1175
20190311,1175
20190312,1195
20190313,1195
20190314,1225
20190315,1225
20190318,1225
20190319,1225
20190320,1225
20190321,1205
20190322,1205
20190325,1205
20190326,1205
20190327,1205
20190328,1205
20190329,1205
20190401,1195
20190402,1195
20190403,1185
20190404,1185
20190408,1185
20190409,1185
20190410,1175
20190411,1175
20190412,1175
20190415,1175
20190416,1175
20190417,1175
20190418,1175
20190419,1175
20190422,1175
20190423,1175
20190424,1175
20190425,1175
20190426,1175
20190428,1175
20190429,1175
20190430,1165
20190506,1165
20190507,1165
20190508,1155
20190509,1155
20190510,1155
20190513,1155
20190514,1145
20190515,1145
20190516,1145
20190517,1145
20190520,1135
20190521,1135
20190522,1135
20190523,1135
20190524,1135
20190527,1135
20190528,1135
20190529,1135
20190530,1135
20190531,1115
20190603,1115
20190604,1115
20190605,1115
20190606,1115
20190610,1115
20190611,1115
20190612,1115
20190613,1115
20190614,1115
20190617,1115
20190618,1115
20190619,1115
20190620,1145
20190621,1145
20190624,1145
20190625,1145
20190626,1145
20190627,1145
20190628,1155
20190701,1155
20190702,1155
20190703,1135
20190704,1135
20190705,1135
20190708,1135
20190709,1135
20190710,1135
20190711,1135
20190712,1165
20190715,1165
20190716,1195
20190717,1195
20190718,1195
20190719,1195
20190722,1195
20190723,1175
20190724,1175
20190725,1175
20190726,1175
20190729,1155
20190730,1145
20190731,1145
20190801,1145
20190802,1145
20190805,1135
20190806,1135
20190807,1135
20190808,1135
20190809,1135
20190812,1135
20190813,1115
20190814,1115
20190815,1115
20190816,1115
20190819,1115
20190820,1105
20190821,1105
20190822,1095
20190823,1095
20190826,1095
20190827,1085
20190828,1085
20190829,1085
20190830,1085
20190902,1085
20190903,1065
20190904,1065
20190905,1065
20190906,1065
20190909,1065
20190910,1065
20190911,1075
20190912,1075
20190916,1075
20190917,1075
20190918,1075
20190919,1075
20190920,1075
20190923,1075
20190924,1055
20190925,1055
20190926,1055
20190927,1055
20191008,1055
20191009,1055
20191010,1045
20191011,1045
20191014,1055
20191015,1065
20191016,1065
20191017,1065
20191018,1065
20191021,1065
20191022,1045
20191023,1045
20191024,1045
20191025,1045
20191028,1045
20191029,1045
20191030,1045
20191031,1035
20191101,1035
20191104,1045
20191105,1045
20191106,1055
20191107,1055
20191108,1055
20191111,1055
20191112,1055
20191113,1055
20191114,1055
20191115,1055
20191118,1055
20191119,1055
20191120,1055
20191121,1055
20191122,1055
20191125,1055
20191126,1055
20191127,1055
20191128,1055
20191129,1055
20191202,1055
20191203,1055
20191204,1045
20191205,1045
20191206,1045
20191209,1045
20191210,1045
20191211,1045
20191212,1045
20191213,1045
20191216,1055
20191217,1065
20191218,1065
20191219,1065
20191220,1065
20191223,1065
20191224,1075
20191225,1075
20191226,1075
20191227,1075
20191230,1075
20191231,1085
20200102,1085
20200103,1095
20200106,1095
20200107,1075
20200108,1075
20200109,1075
20200110,1075
20200113,1075
20200114,1095
20200115,1095
20200116,1095
20200117,1095
20200119,1095
20200120,1095
20200121,1095
20200203,1095
20200204,1095
20200205,1095
20200206,1095
20200207,1125
20200210,1155
20200211,1155
20200212,1155
20200213,1155
20200214,1155
20200217,1155
20200218,1125
20200219,1125
20200220,1125
20200221,1125
20200224,1125
20200225,1105
20200226,1105
20200227,1105
20200228,1105
20200302,1105
20200303,1085
20200304,1085
20200305,1065
20200306,1065
20200309,1055
20200310,1055
20200311,1055
20200312,1055
20200313,1055
20200316,1055
20200317,1055
20200318,1045
20200319,1045
20200320,1045
20200323,1045
20200324,1025
20200325,1025
20200326,1015
20200327,1015
20200330,1015
20200331,1015
20200401,1015
20200402,1015
20200403,1015
20200407,1015
20200408,1015
20200409,1005
20200410,1005
20200413,1005
20200414,995
20200415,995
20200416,995
20200417,995
20200420,995
20200421,1005
20200422,1005
20200423,1005
20200424,1005
20200426,995
20200427,985
20200428,985
20200429,985
20200430,995
20200506,995
20200507,995
20200508,995
20200511,995
20200512,1005
20200513,1005
20200514,1005
20200515,1005
20200518,995
20200519,985
20200520,985
20200521,985
20200522,985
20200525,985
20200526,995
20200527,995
20200528,995
20200529,995
20200601,1005
20200602,1005
20200603,1005
20200604,1005
20200605,1005
20200608,1005
20200609,1005
20200610,1005
20200611,1005
20200612,995
20200615,995
20200616,985
20200617,985
20200618,1005
20200619,1005
20200622,1025
20200623,1025
20200624,1025
20200628,1025
20200629,1025
20200630,1025
20200701,1025
20200702,1025
20200703,1025
20200706,1025
20200707,1025
20200708,1025
20200709,1025
20200710,1035
20200713,1035
20200714,1025
20200715,1025
20200716,1025
20200717,1025
20200720,1025
20200721,1015
20200722,1015
20200723,1015
20200724,1015
20200727,1015
20200728,1015
20200729,1015
20200730,1005
20200731,1005
20200803,1005
20200804,1005
20200805,1005
20200806,1005
20200807,1005
20200810,1015
20200811,1015
20200812,1015
20200813,1015
20200814,1015
20200817,1015
20200818,1015
20200819,1015
20200820,1015
20200821,1015
20200824,1025
20200825,1025
20200826,1025
20200827,1025
20200828,1025
20200831,1035
20200901,1035
20200902,1035
20200903,1045
20200904,1045
20200907,1075
20200908,1085
20200909,1085
20200910,1085
20200911,1085
20200914,1085
20200915,1085
20200916,1085
20200917,1085
20200918,1085
20200921,1095
20200922,1095
20200923,1095
20200924,1095
20200925,1105
20200927,1105
20200928,1105
20200929,1105
20201012,1115
20201013,1115
20201014,1115
20201015,1115
20201016,1115
20201019,1115
20201020,1115
20201021,1115
20201022,1115
20201023,1115
20201026,1125
20201027,1125
20201028,1125
20201029,1125
20201030,1125
20201102,1125
20201103,1125
20201104,1125
20201105,1135
20201106,1135
20201109,1135
20201110,1145
20201111,1145
20201112,1145
20201113,1145
20201116,1145
20201117,1145
20201118,1155
20201119,1155
20201120,1155
20201123,1165
20201124,1165
20201125,1165
20201126,1165
20201127,1195
20201130,1195
20201201,1195
20201202,1225
20201203,1225
20201204,1225
20201207,1225
20201208,1255
20201209,1285
20201210,1285
20201211,1285
20201214,1285
20201215,1285
20201216,1285
20201217,1315
20201218,1315
20201221,1335
20201222,1335
20201223,1335
20201224,1335
20201225,1335
20201228,1335
20201229,1365
20201230,1365
20201231,1365
20210104,1365
20210105,1365
20210106,1365
20210107,1365
20210108,1365
20210111,1395
20210112,1395
20210113,1395
20210114,1425
20210115,1425
20210118,1455
20210119,1455
20210120,1455
20210121,1455
20210122,1455
20210125,1435
20210126,1435
20210127,1415
20210128,1415
20210129,1415
20210201,1415
20210202,1415
20210203,1395
20210204,1395
20210205,1395
20210222,1395
20210223,1395
20210224,1395
20210225,1415
20210226,1415
20210301,1415
20210302,1455
20210303,1485
20210304,1485
20210305,1485
20210308,1515
20210309,1515
20210310,1535
20210311,1535
20210312,1535
20210315,1535
20210316,1495
20210317,1495
20210318,1495
20210319,1495
20210322,1485
20210323,1465
20210324,1465
20210325,1465
20210326,1465
20210329,1465
20210330,1465
20210331,1455
20210401,1455
20210402,1445
20210406,1445
20210407,1435
20210408,1435
20210409,1435
20210412,1435
20210413,1415
20210414,1395
20210415,1395
20210416,1395
20210419,1405
20210420,1405
20210421,1415
20210422,1415
20210423,1445
20210425,1445
20210426,1445
20210427,1455
20210428,1455
20210429,1485
20210430,1525
20210506,1535
20210507,1535
20210510,1545
20210511,1575
20210512,1605
20210513,1645
20210514,1655
20210517,1685
20210518,1685
20210519,1725
20210520,1725
20210521,1735
20210524,1735
20210525,1715
20210526,1695
20210527,1695
20210528,1705
20210531,1715
20210601,1755
20210602,1755
20210603,1785
20210604,1825
20210607,1825
20210608,1865
20210609,1865
20210610,1865
20210611,1865
20210615,1865
20210616,1865
20210617,1865
20210618,1865
20210621,1865
20210622,1845
20210623,1845
20210624,1845
20210625,1845
20210628,1845
20210629,1845
20210630,1845
20210701,1845
20210702,1845
20210705,1845
20210706,1845
20210707,1845
20210708,1845
20210709,1845
20210712,1845
20210713,1845
20210714,1845
20210715,1845
20210716,1875
20210719,1875
20210720,1895
20210721,1895
20210722,1905
20210723,1905
20210726,1905
20210727,1905
20210728,1905
20210729,1905
20210730,1905
20210802,1905
20210803,1905
20210804,1915
20210805,1915
20210806,1915
20210809,1895
20210810,1885
20210811,1885
20210812,1885
20210813,1885
20210816,1885
20210817,1915
20210818,1925
20210819,1925
20210820,1925
20210823,1965
20210824,2015
20210825,2035
20210826,2075
20210827,2035
20210830,2035
20210831,2085
20210901,2135
20210902,2185
20210903,2185
20210906,2185
20210907,2145
20210908,2145
20210909,2145
20210910,2195
20210913,2225
20210914,2285
20210915,2345
20210916,2405
20210917,2465
20210918,2535
20210922,2595
20210923,3050
20210924,4250
20210926,4250
20210927,4250
20210928,4050
20210929,4050
20211011,4050
20211012,3950
20211013,3850
20211014,3850
20211015,3850
20211018,3850
20211019,3850
20211020,3950
20211021,4050
20211022,4050
20211025,4050
20211026,3850
20211027,3650
20211028,3450
20211029,3250
20211101,3150
20211102,3050
20211103,2950
20211104,2850
20211105,2750
20211108,2550
20211109,2550
20211110,2450
20211111,2400
20211112,2350
20211115,2250
20211116,2200
20211117,2150
20211118,2150
20211119,2075
20211122,2075
20211123,2075
20211124,2125
20211125,2125
20211126,2125
20211129,2125
20211130,2075
20211201,2075
20211202,2025
20211203,2025
20211206,2005
20211207,2005
20211208,2005
20211209,2005
20211210,2005
20211213,2005
20211214,2005
20211215,1975
20211216,1975
20211217,1975
20211220,1955
20211221,1955
20211222,1955
20211223,1955
20211224,1955
20211227,1955
20211228,1955
20211229,1955
20211230,1955
20211231,1955
20220104,1955
20220105,1905
20220106,1905
20220107,1905
20220110,1905
20220111,1925
20220112,1925
20220113,1945
20220114,1945
20220117,1945
20220118,1945
20220119,1975
20220120,1975
20220121,1975
20220124,1945
20220125,1925
20220126,1925
20220127,1925
20220128,1925
20220207,1925
20220208,1925
20220209,1925
20220210,1925
20220211,1925
20220214,1935
20220215,1935
20220216,1935
20220217,1965
20220218,1965
20220221,1985
20220222,1985
20220223,1985
20220224,1985
20220225,1985
20220228,1985
20220301,1995
20220302,1995
20220303,1995
20220304,2025
20220307,2025
20220308,2085
20220309,2135
20220310,2135
20220311,2185
20220314,2215
20220315,2235
20220316,2235
20220317,2235
20220318,2235
20220321,2215
20220322,2215
20220323,2215
20220324,2215
20220325,2235
20220328,2255
20220329,2255
20220330,2255
20220331,2255
20220401,2255
20220402,2255
20220406,2285
20220407,2335
20220408,2335
20220411,2335
20220412,2335
20220413,2335
20220414,2335
20220415,2335
20220418,2285
20220419,2285
20220420,2285
20220421,2285
20220422,2285
20220424,2285
20220425,2285
20220426,2285
20220427,2285
20220428,2285
20220429,2235
20220505,2185
20220506,2155
20220507,2155
20220509,2115
20220510,2055
20220511,1995
20220512,1945
20220513,1915
20220516,1915
20220517,1935
20220518,1935
20220519,1935
20220520,1945
20220523,1945
20220524,1945
20220525,1915
20220526,1915
20220527,1915
20220530,1915
20220531,1915
20220601,1915
20220602,1935
20220606,1935
20220607,1935
20220608,1935
20220609,1935
20220610,1955
20220613,1935
20220614,1915
20220615,1915
20220616,1915
20220617,1915
20220620,1885
20220621,1885
20220622,1865
20220623,1865
20220624,1865
20220627,1865
20220628,1845
20220629,1845
20220630,1845
20220701,1845
20220704,1825
20220705,1805
20220706,1805
20220707,1805
20220708,1785
20220711,1785
20220712,1765
20220713,1745
20220714,1745
20220715,1695
20220718,1695
20220719,1695
20220720,1695
20220721,1685
20220722,1685
20220725,1685
20220726,1685
20220727,1685
20220728,1685
20220729,1685
20220801,1685
20220802,1685
20220803,1685
20220804,1685
20220805,1685
20220808,1685
20220809,1665
20220810,1665
20220811,1665
20220812,1635
20220815,1635
20220816,1655
20220817,1655
20220818,1655
20220819,1655
20220822,1655
20220823,1655
20220824,1655
20220825,1655
20220826,1655
20220829,1655
20220830,1665
20220831,1665
20220901,1665
20220902,1665
20220905,1625
20220906,1625
20220907,1625
20220908,1615
20220909,1625
20220913,1625
20220914,1635
20220915,1635
20220916,1635
20220919,1635
20220920,1615
20220921,1615
20220922,1625
20220923,1635
20220926,1645
20220927,1645
20220928,1635
20220929,1635
20221010,1665
20221011,1705
20221012,1705
20221013,1705
20221014,1705
20221017,1705
20221018,1665
20221019,1635
20221020,1635
20221021,1635
20221024,1635
20221025,1635
20221026,1635
20221027,1635
20221028,1635
20221031,1635
20221101,1625
20221102,1625
20221103,1625
20221104,1605
20221107,1605
20221108,1605
20221109,1605
20221110,1605
20221111,1605
20221114,1645
20221115,1645
20221116,1645
20221117,1645
20221118,1635
20221121,1635
20221122,1635
20221123,1635
20221124,1625
20221125,1625
20221128,1625
20221129,1625
20221130,1625
20221201,1615
20221202,1625
20221205,1625
20221206,1635
20221207,1635
20221208,1635
20221209,1635
20221212,1635
20221213,1665
20221214,1665
20221215,1665
20221216,1665
20221219,1665
20221220,1665
20221221,1665
20221222,1665
20221223,1665
20221226,1645
20221227,1645
20221228,1645
20221229,1645
20221230,1645
20230103,1645
20230104,1645
20230105,1665
20230106,1665
20230109,1665
20230110,1695
20230111,1695
20230112,1695
20230113,1695
20230116,1695
20230117,1695
20230118,1665
20230130,1665
20230131,1665
20230201,1665
20230202,1685
20230203,1685
20230206,1685
20230207,1665
20230208,1665
20230209,1665
20230210,1645
20230213,1645
20230214,1645
20230215,1645
20230216,1645
20230217,1615
20230220,1615
20230221,1615
20230222,1615
20230223,1615
20230224,1615
20230227,1615
20230228,1615
20230301,1595
20230302,1595
20230303,1615
20230306,1615
20230307,1595
20230308,1575
20230309,1555
20230310,1555
20230313,1555
20230314,1555
20230315,1555
20230316,1585
20230317,1585
20230320,1585
20230321,1585
20230322,1585
20230323,1585
20230324,1585
20230327,1585
20230328,1585
20230329,1585
20230330,1565
20230331,1565
20230403,1565
20230404,1565
20230406,1565
20230407,1565
20230410,1565
20230411,1565
20230412,1585
20230413,1585
20230414,1605
20230417,1585
20230418,1585
20230419,1585
20230420,1585
20230421,1565
20230423,1565
20230424,1565
20230425,1545
20230426,1545
20230427,1545
20230428,1545
20230504,1545
20230505,1525
20230506,1525
20230508,1525
20230509,1525
20230510,1525
20230511,1515
20230512,1515
20230515,1505
20230516,1505
20230517,1505
20230518,1505
20230519,1505
20230522,1485
20230523,1485
20230524,1485
20230525,1485
20230526,1485
20230529,1485
20230530,1485
20230531,1465
20230601,1465
20230602,1435
20230605,1435
20230606,1435
20230607,1435
20230608,1435
20230609,1435
20230612,1435
20230613,1435
20230614,1435
20230615,1435
20230616,1435
20230619,1415
20230620,1415
20230621,1415
20230625,1415
20230626,1415
20230627,1405
20230628,1385
20230629,1385
20230630,1385
20230703,1385
20230704,1365
20230705,1365
20230706,1365
20230707,1365
20230710,1365
20230711,1365
20230712,1365
20230713,1365
20230714,1365
20230717,1365
20230718,1355
20230719,1355
20230720,1355
20230721,1355
20230724,1355
20230725,1355
20230726,1365
20230727,1365
20230728,1375
20230731,1375
20230801,1385
20230802,1385
20230803,1385
20230804,1385
20230807,1385
20230808,1385
20230809,1365
20230810,1365
20230811,1365
20230814,1365
20230815,1365
20230816,1355
20230817,1355
20230818,1355
20230821,1355
20230822,1355
20230823,1345
20230824,1345
20230825,1335
20230828,1335
20230829,1335
20230830,1335
20230831,1335
20230901,1335
20230904,1345
20230905,1345
20230906,1355
20230907,1355
20230908,1355
20230911,1355
20230912,1355
20230913,1355
20230914,1355
20230915,1365
20230918,1365
20230919,1385
20230920,1385
20230921,1385
20230922,1385
20230925,1385
20230926,1385
20230927,1385
20231009,1385
20231010,1385
20231011,1385
20231012,1385
20231013,1375
20231016,1375
20231017,1375
20231018,1375
20231019,1375
20231020,1375
20231023,1365
20231024,1355
20231025,1355
20231026,1355
20231027,1355
20231030,1355
20231031,1355
20231101,1355
20231102,1355
20231103,1355
20231106,1345
20231107,1345
20231108,1345
20231109,1335
20231110,1335
20231113,1335
20231114,1335
20231115,1335
20231116,1335
20231117,1335
20231120,1335
20231121,1335
20231122,1335
20231123,1335
20231124,1335
20231127,1335
20231128,1335
20231129,1335
20231130,1335
20231201,1335
20231204,1335
20231205,1325
20231206,1325
20231207,1325
20231208,1325
20231211,1325
20231212,1325
20231213,1325
20231214,1325
20231215,1325
20231218,1325
20231219,1325
20231220,1325
20231221,1325
20231222,1325
20231225,1325
20231226,1325
20231227,1325
20231228,1325
20231229,1335
20240102,1335
20240103,1335
20240104,1335
20240105,1335
20240108,1335
20240109,1335
20240110,1335
20240111,1335
20240112,1335
20240115,1335
20240116,1335
20240117,1335
20240118,1335
20240119,1335
20240122,1335
20240123,1335
20240124,1335
20240125,1335
20240126,1335
20240129,1335
20240130,1335
20240131,1335
20240201,1335
20240202,1315
20240204,1315
20240205,1315
20240206,1315
20240207,1315
20240219,1315
20240220,1315
20240221,1295
20240222,1295
20240223,1295
20240226,1295
20240227,1285
20240228,1285
20240229,1285
20240301,1285
20240304,1285
20240305,1285
20240306,1285
20240307,1285
20240308,1285
20240311,1265
20240312,1265
20240313,1265
20240314,1265
20240315,1255
20240318,1245
20240319,1245
20240320,1245
20240321,1245
20240322,1215
20240325,1215
20240326,1215
20240327,1215
20240328,1215
20240329,1225
20240401,1225
20240402,1225
20240403,1225
20240407,1225
20240408,1225
20240409,1235
20240410,1235
20240411,1235
20240412,1235
20240415,1235
20240416,1235
20240417,1245
20240418,1245
20240419,1245
20240422,1265
20240423,1265
20240424,1265
20240425,1265
20240426,1265
20240428,1265
20240429,1285
20240430,1315
20240506,1335
20240507,1335
20240508,1335
20240509,1335
20240510,1335
20240511,1335
20240513,1335
20240514,1335
20240515,1365
20240516,1365
20240517,1385
20240520,1385
20240521,1395
20240522,1395
20240523,1395
20240524,1395
20240527,1395
20240528,1395
20240529,1395
20240530,1365
20240531,1365
20240603,1365
20240604,1365
20240605,1365
20240606,1365
20240607,1365
20240611,1365
20240612,1365
20240613,1365
20240614,1365
20240617,1345
20240618,1335
20240619,1335
20240620,1335
20240621,1335
20240624,1315
20240625,1315
20240626,1315
20240627,1315
20240628,1315
20240701,1315
20240702,1335
20240703,1365
20240704,1365
20240705,1365
20240708,1365
20240709,1395
20240710,1385
20240711,1385
20240712,1385
20240715,1385
20240716,1385
20240717,1385
20240718,1365
20240719,1365
20240722,1365
20240723,1355
20240724,1335
20240725,1335
20240726,1335
20240729,1335
20240730,1325
20240731,1325
20240801,1325
20240802,1325
20240805,1345
20240806,1345
20240807,1345
20240808,1355
20240809,1355
20240812,1355
20240813,1355
20240814,1355
20240815,1335
20240816,1335
20240819,1335
20240820,1315
20240821,1295
20240822,1295
20240823,1295
20240826,1295
20240827,1315
20240828,1315
20240829,1315
20240830,1315
20240902,1315
20240903,1295
20240904,1295
20240905,1295
20240906,1295
20240909,1295
20240910,1275
20240911,1275
20240912,1275
20240913,1275
20240914,1275
20240918,1275
20240919,1275
20240920,1275
20240923,1275
20240924,1265
20240925,1265
20240926,1265
20240927,1285
20241008,1315
20241009,1315
20241010,1315
20241011,1315
20241012,1315
20241014,1315
20241015,1315
20241016,1315
20241017,1315
20241018,1285
20241021,1285
20241022,1285
20241023,1285
20241024,1285
20241025,1285
20241028,1285
20241029,1285
20241030,1285
20241031,1285
20241101,1285
20241104,1285
20241105,1285
20241106,1285
20241107,1285
20241108,1285
20241111,1285
20241112,1285
20241113,1285
20241114,1265
20241115,1265
20241118,1265
20241119,1265
20241120,1265
20241121,1265
20241122,1265
20241125,1255
20241126,1255
20241127,1255
20241128,1255
20241129,1255
20241202,1255
20241203,1245
20241204,1245
20241205,1245
20241206,1235
20241209,1235
20241210,1235
20241211,1235
20241212,1235
20241213,1235
20241216,1235
20241217,1235
20241218,1235
20241219,1215
20241220,1215
20241223,1215
20241224,1215
20241225,1215
20241226,1205
20241227,1205
20241230,1205
20241231,1205
20250102,1205
20250103,1205
20250106,1205
20250107,1205
20250108,1195
20250109,1195
20250110,1195
20250113,1195
20250114,1195
20250115,1195
20250116,1195
20250117,1195
20250120,1195
20250121,1195
20250122,1195
20250123,1195
20250124,1195
20250205,1195
20250206,1195
20250207,1195
20250208,1195
20250210,1195
20250211,1195
20250212,1195
20250213,1195
20250214,1195
20250217,1195
20250218,1195
20250219,1195
20250220,1195
20250221,1195
20250224,1195
20250225,1175
20250226,1175
20250227,1175
20250228,1175
20250303,1175
20250304,1175
20250305,1175
20250306,1175
20250307,1175
20250310,1175
20250311,1155
20250312,1155
20250313,1155
20250314,1155
20250317,1155
20250318,1155
20250319,1155
20250320,1155
20250321,1155
20250324,1155
20250325,1155
20250326,1155
20250327,1155
20250328,1155
20250331,1155
20250401,1155
20250402,1155
20250403,1155
20250407,1155
20250408,1155
20250409,1155
20250410,1145
20250411,1145
20250414,1145
20250415,1145
20250416,1145
20250417,1145
20250418,1145
20250421,1145
20250422,1135
20250423,1135
20250424,1135
20250425,1135
20250427,1135
20250428,1145
20250429,1145
20250430,1145
20250506,1145
20250507,1155
20250508,1155
20250509,1155
20250512,1155
20250513,1155
20250514,1155
20250515,1155
20250516,1155
20250519,1155
20250520,1155
20250521,1155
20250522,1155
20250523,1135
20250526,1135
20250527,1115
20250528,1115
20250529,1105
20250530,1105
20250603,1105
20250604,1095
20250605,1095
20250606,1095
20250609,1095
20250610,1095
20250611,1075
20250612,1075
20250613,1075
20250616,1065
20250617,1065
20250618,1065
20250619,1065
20250620,1065
20250623,1065
20250624,1055
20250625,1055
20250626,1055
20250627,1055
20250630,1055
20250701,1055
20250702,1055
20250703,1055
20250704,1055
20250707,1055
20250708,1055
20250709,1055
20250710,1055
20250711,1055
20250714,1055
20250715,1055
20250716,1055
20250717,1055
20250718,1055
20250721,1055
20250722,1055
20250723,1055
20250724,1065
20250725,1065
20250728,1065
20250729,1065
20250730,1065
20250731,1065
20250801,1065
20250804,1065
20250805,1085
20250806,1085
20250807,1085
20250808,1085
20250811,1085
20250812,1095
20250813,1095
20250814,1095
20250815,1095
20250818,1095
20250819,1095
20250820,1095
20250821,1095
20250822,1095
20250825,1095
20250826,1095
20250827,1115
20250828,1115
20250829,1115
20250901,1115
20250902,1115
20250903,1115
20250904,1115
20250905,1115
20250908,1115
20250909,1125
20250910,1125
20250911,1125
20250912,1125
20250915,1125
20250916,1125
20250917,1135
20250918,1135
20250919,1135
20250922,1135
20250923,1135
20250924,1135
20250925,1135
20250926,1135
20250928,1135
20250929,1135
20251009,1135
20251010,1135
20251011,1135
20251013,1135
20251014,1125
20251015,1125
20251016,1125
20251017,1125
20251020,1125
20251021,1115
20251022,1115
20251023,1095
20251024,1095
20251027,1095
20251028,1085
20251029,1085
20251030,1085
20251031,1085
20251103,1085
20251104,1085
20251105,1065
20251106,1065
20251107,1065
20251110,1065
20251111,1065
20251112,1065
20251113,1075
20251114,1095
20251117,1125
20251118,1135
20251119,1115
20251120,1115
20251121,1115
20251124,1115
20251125,1115
20251126,1115
20251127,1115
20251128,1115
20251201,1115
20251202,1115
20251203,1115
20251204,1115
20251205,1115
20251208,1115
20251209,1115
20251210,1115
20251211,1115
20251212,1115
20251215,1125
20251216,1125
20251217,1125
20251218,1125
20251219,1125
20251222,1125
20251223,1135
20251224,1135
20251225,1135
20251226,1135
20251229,1135
20251230,1135
20251231,1135
20260104,1135
20260105,1135
20260106,1135
20260107,1145
20260108,1165
20260109,1165
20260112,1165
20260113,1155
20260114,1155
20260115,1155
20260116,1155
20260119,1145
20260120,1135
20260121,1135
20260122,1135
20260123,1135
20260126,1135
20260127,1145
20260128,1145
20260129,1145
20260130,1145
20260202,1145
20260203,1145
20260204,1145
20260205,1145
20260206,1145
20260209,1145
20260210,1145
20260211,1145
20260212,1145
20260224,1145
20260225,1145
20260226,1145
20260227,1145
20260228,1145
20260302,1155
20260303,1155
20260304,1155
20260305,1155
20260306,1155
20260309,1165
20260310,1175
20260311,1175
20260312,1175
20260313,1175
20260316,1175
20260317,1175
20260318,1185
20260319,1185
20260320,1185
20260323,1195
20260324,1195
20260325,1195
20260326,1195
20260327,1195
20260330,1205
20260331,1215
20260401,1225
20260402,1225
20260403,1225
20260407,1225
20260408,1225
20260409,1225
20260410,1225
20260413,1215
20260414,1215
20260415,1215
20260416,1215
20260417,1215
20260420,1215
20260421,1215
20260422,1215
20260423,1215
20260424,1215
20260427,1215
20260428,1215
20260429,1215
20260506,1215
20260507,1205
20260508,1205
20260509,1205
20260511,1205
20260512,1205
20260513,1205
20260514,1205
20260515,1205
20260518,1205
20260519,1205
20260520,1205
20260521,1205
20260522,1215
20260525,1225
20260526,1225
20260527,1225
20260528,1225
20260529,1225
20260601,1225
20260602,1225
20260603,1225
20260604,1225
20260605,1225
20260608,1225
20260609,1225
20260610,1225
20260611,1225
20260612,1225
20260615,1225
20260616,1225
20260617,1225
20260618,1225
20260622,1225
20260623,1225
20260624,1225
20260625,1225
20260626,1225
20260629,1215
20260630,1215
20260701,1215
20260702,1215
20260703,1215
20260706,1215
20260707,1215
20260708,1215
20260709,1215
20260710,1215
20260713,1215
20260714,1215
20260715,1215
20260716,1215
20260717,1215
20260720,1215
20260721,1215
20260722,1215
20260723,1215
20260724,1215
20260727,1215
20260728,1215
20260729,1215
20260730,1215
20260731,1215
20260803,1215
20260804,1220
20260805,1220
20260806,1220
20260807,1225
20260810,1225
20260811,1225
20260812,1225
20260813,1225
20260814,1225
20260817,1225
20260818,1230
20260819,1230
20260820,1230
20260821,1230
20260824,1240
20260825,1240
20260826,1240
20260827,1245
20260828,1250
20260831,1260
